YB,l,b,---,HIGALBM,[CUS2014],CORNISH,CType,RMS,RType,WISE,WType
1153,30.00332363,-0.265867336,HIGALBM,30.0033-0.2654,G030.0027-0.2643,                 ,               ,0,                    ,G030.003-00.267,C
1154,30.02330139,-0.042858856,HIGALBM,30.0254-0.0389,                ,                 ,               ,3110,Diffuse HII region  ,G030.022-00.042,K
1155,30.02425346,0.1085479,HIGALBM,30.0230+0.1088,G030.0209+0.1048,                 ,               ,3092,Diffuse HII region  ,G030.026+00.109,K
1156,30.03251489,0.107908234,HIGALBM,30.0323+0.1082,                ,                 ,               ,0,                    ,               , 
1157,30.05582795,-0.339032341,       ,              ,                ,                 ,               ,0,                    ,G030.055-00.339,C
1158,30.06701456,0.097636709,HIGALBM,30.0650+0.0991,                ,                 ,               ,0,                    ,G030.067+00.097,Q
1159,30.09548025,0.044085361,HIGALBM,30.0958+0.0440,                ,                 ,               ,0,                    ,G030.090+00.044,Q
1160,30.1139104,-0.564677164,       ,              ,                ,                 ,               ,0,                    ,               , 
1161,30.13198181,-0.65869003,HIGALBM,30.1324-0.6578,                ,                 ,               ,0,                    ,               , 
1162,30.19711165,0.308532956,HIGALBM,30.1971+0.3101,G030.1963+0.3107,                 ,               ,0,                    ,G030.197+00.309,C
1163,30.20523749,0.327453206,HIGALBM,30.2069+0.3265,                ,                 ,               ,0,                    ,G030.205+00.327,Q
1164,30.21092567,0.480734526,       ,              ,                ,                 ,               ,0,                    ,G030.210+00.483,Q
1165,30.21180647,0.42934506,HIGALBM,30.2115+0.4293,                ,                 ,               ,0,                    ,G030.211+00.428,K
1166,30.21919014,-0.178560734,HIGALBM,30.2243-0.1800,G030.2233-0.1791,                 ,               ,0,                    ,G030.219-00.179,G
1167,30.23647826,0.120797399,       ,              ,                ,                 ,               ,0,                    ,G030.236+00.120,Q
1168,30.24761733,0.245540091,HIGALBM,30.2466+0.2457,G030.2451+0.2463,                 ,               ,3090,Diffuse HII region  ,G030.249+00.243,K
1169,30.2535626,0.053414926,HIGALBM,30.2530+0.0540,G030.2509+0.0533,G030.2527+00.0540,UCHII          ,3113,HII region          ,G030.252+00.053,K
1170,30.29690094,0.05517779,HIGALBM,30.2960+0.0556,G030.2941+0.0559,                 ,               ,3117,HII region          ,G030.296+00.054,C
1171,30.30939076,-0.213456599,       ,              ,                ,                 ,               ,3133,Diffuse HII region? ,G030.311-00.215,K
1172,30.34357999,0.37981001,HIGALBM,30.3476+0.3781,                ,                 ,               ,0,                    ,G030.339+00.381,Q
1173,30.34931411,0.090317762,HIGALBM,30.3505+0.0913,G030.3510+0.0861,                 ,               ,0,                    ,G030.348+00.090,K
1174,30.3516521,0.517107514,HIGALBM,30.3519+0.5181,G030.3506+0.5192,                 ,               ,0,                    ,G030.352+00.516,Q
1175,30.35686412,0.487160492,HIGALBM,30.3572+0.4874,                ,                 ,               ,0,                    ,               , 
1176,30.36907847,-0.818943539,       ,              ,                ,                 ,               ,0,                    ,               , 
1177,30.37806228,0.108885584,HIGALBM,30.3794+0.1072,                ,                 ,               ,3116,Diffuse HII region  ,G030.377+00.106,K
1178,30.3817685,-0.109389568,HIGALBM,30.3863-0.1052,G030.3862-0.1045,                 ,               ,3128,HII region          ,G030.380-00.110,K
1179,30.38882461,-0.792043361,       ,              ,                ,                 ,               ,0,                    ,G030.390-00.790,Q
1180,30.4109002,-0.227350931,       ,              ,G030.4145-0.2225,                 ,               ,3158,YSO                 ,G030.410-00.228,G
1181,30.41868587,0.470578054,       ,              ,                ,                 ,               ,0,                    ,G030.418+00.470,Q
1182,30.42232356,0.466875412,HIGALBM,30.4230+0.4666,G030.4225+0.4662,                 ,               ,0,                    ,               , 
1183,30.42470835,0.462784381,       ,              ,                ,                 ,               ,0,                    ,G030.425+00.463,C
1184,30.47108755,0.222069867,       ,              ,                ,                 ,               ,0,                    ,G030.471+00.222,Q
1185,30.48932246,-0.358388392,       ,              ,                ,                 ,               ,0,                    ,G030.489-00.364,Q
1186,30.495467,0.622822926,HIGALBM,30.4948+0.6230,                ,                 ,               ,0,                    ,G030.497+00.622,Q
1187,30.50619557,-0.197941392,HIGALBM,30.5063-0.1982,                ,                 ,               ,0,                    ,G030.507-00.198,Q
1188,30.53365104,0.021202716,HIGALBM,30.5348+0.0211,G030.5337+0.0215,G030.5353+00.0204,UCHII          ,3123,HII region          ,G030.533+00.021,K
1189,30.60464453,0.453557887,       ,              ,                ,                 ,               ,0,                    ,               , 
1190,30.61141222,0.452299302,HIGALBM,30.6120+0.4527,                ,                 ,               ,0,                    ,               , 
1191,30.62473263,0.168861379,HIGALBM,30.6247+0.1686,G030.6240+0.1692,                 ,               ,0,                    ,               , 
1192,30.64117783,-0.115444154,HIGALBM,30.6414-0.1158,G030.6424-0.1177,                 ,               ,0,                    ,G030.641-00.116,Q
1194,30.65607142,0.227468557,HIGALBM,30.6596+0.2290,G030.6599+0.2295,                 ,               ,0,                    ,G030.657+00.229,Q
1195,30.69317741,0.227975923,HIGALBM,30.6928+0.2281,G030.6911+0.2279,                 ,               ,0,                    ,G030.696+00.230,Q
1196,30.69395936,-0.365621905,       ,              ,G030.6938-0.3643,                 ,               ,0,                    ,G030.694-00.365,C
1197,30.71001899,-0.559165083,HIGALBM,30.7102-0.5587,                ,                 ,               ,0,                    ,               , 
1198,30.74592577,-0.801156948,HIGALBM,30.7461-0.8011,                ,                 ,               ,0,                    ,               , 
1199,30.75642948,0.202127263,       ,              ,                ,                 ,               ,0,                    ,               , 
1200,30.75961919,-0.056233735,       ,              ,G030.7604-0.0533,                 ,               ,0,                    ,               , 
1201,30.7597833,0.205218458,HIGALBM,30.7578+0.2050,G030.7566+0.2056,G030.7579+00.2042,UCHII          ,0,                    ,G030.760+00.206,K
1202,30.76429261,-0.034349221,HIGALBM,30.7636-0.0298,G030.7626-0.0310,G030.7661-00.0348,UCHII          ,3153,HII region?         ,               , 
1203,30.76782475,-0.590787689,       ,              ,                ,                 ,               ,0,                    ,G030.768-00.592,Q
1204,30.77992592,0.229478155,HIGALBM,30.7799+0.2302,G030.7785+0.2310,                 ,               ,0,                    ,G030.778+00.230,C
1205,30.8389551,0.113303479,       ,              ,                ,                 ,               ,0,                    ,G030.838+00.114,K
1206,30.84737568,0.153623379,       ,              ,                ,                 ,               ,0,                    ,               , 
1207,30.85635314,-0.510215538,HIGALBM,30.8569-0.5104,                ,                 ,               ,0,                    ,               , 
1208,30.86651443,0.113880105,HIGALBM,30.8664+0.1143,G030.8654+0.1143,G030.8662+00.1143,UCHII          ,3129,HII region          ,G030.867+00.113,K
1209,30.87565129,-0.347544952,HIGALBM,30.8762-0.3468,                ,                 ,               ,0,                    ,               , 
1210,30.87703524,0.05841855,HIGALBM,30.8773+0.0584,G030.8757+0.0589,                 ,               ,4905,YSO                 ,               , 
1211,30.88205512,-0.235365791,HIGALBM,30.8874-0.2335,                ,                 ,               ,0,                    ,G030.882-00.236,Q
1212,30.88206077,0.073828416,       ,              ,                ,                 ,               ,3137,HII region          ,G030.881+00.074,K
1213,30.90718884,0.1595651,       ,              ,                ,                 ,               ,0,                    ,G030.906+00.161,K
1214,30.92285194,0.273848557,       ,              ,                ,                 ,               ,3122,Diffuse HII region??,G030.922+00.274,Q
1215,30.95810022,0.086612293,HIGALBM,30.9589+0.0865,G030.9582+0.0862,G030.9581+00.0869,UCHII          ,3146,HII region          ,G030.958+00.087,C
1216,30.95892631,0.600970713,HIGALBM,30.9598+0.6016,                ,                 ,               ,0,                    ,               , 
1217,30.97248474,0.561558276,HIGALBM,30.9731+0.5625,G030.9717+0.5626,                 ,               ,3094,YSO                 ,               , 
1218,30.99697592,-0.075862584,HIGALBM,30.9968-0.0759,G030.9961-0.0764,                 ,               ,3186,YSO                 ,G030.996-00.077,Q
1219,31.03331145,0.466844554,HIGALBM,31.0341+0.4667,                ,                 ,               ,0,                    ,               , 
1220,31.04781433,0.355024927,HIGALBM,31.0475+0.3558,G031.0462+0.3584,                 ,               ,0,                    ,G031.047+00.355,C
1221,31.04929695,0.4700916,HIGALBM,31.0553+0.4691,G031.0548+0.4694,G031.0495+00.4697,UCHII          ,3111,HII region          ,G031.049+00.469,G
1222,31.05952971,0.092260837,HIGALBM,31.0594+0.0927,G031.0593+0.0942,G031.0595+00.0922,UCHII          ,3162,HII region          ,G031.058+00.092,K
1223,31.07007295,0.049951189,HIGALBM,31.0690+0.0474,G031.0703+0.0492,G031.0709+00.0508,HII-Region     ,3175,HII region          ,G031.068+00.049,K
1224,31.12179761,0.062772624,HIGALBM,31.1224+0.0629,G031.1210+0.0631,                 ,               ,0,                    ,G031.122+00.063,C
1225,31.15869874,0.045727067,HIGALBM,31.1590+0.0460,G031.1576+0.0470,G031.1590+00.0465,UCHII          ,3184,HII region          ,G031.159+00.045,K
1226,31.20797675,0.099298951,HIGALBM,31.2087+0.0998,G031.2083+0.1009,                 ,               ,0,                    ,G031.207+00.098,K
1227,31.24203077,-0.129452765,HIGALBM,31.2421-0.1288,                ,                 ,               ,0,                    ,G031.242-00.130,Q
1228,31.24237579,-0.11016159,HIGALBM,31.2430-0.1105,G031.2429-0.1107,G031.2420-00.1106,UCHII          ,3193,HII region          ,G031.241-00.109,K
1229,31.26026463,0.489371958,HIGALBM,31.2606+0.4896,                ,                 ,               ,0,                    ,               , 
1230,31.26682376,0.495799529,HIGALBM,31.2703+0.4957,                ,                 ,               ,0,                    ,               , 
1231,31.26955289,0.064279303,       ,              ,G031.2703+0.0633,                 ,               ,0,                    ,G031.269+00.064,K
1232,31.27786475,0.064277411,       ,              ,G031.2804+0.0622,G031.2801+00.0632,UCHII          ,3187,YSO                 ,G031.279+00.061,K
1233,31.29964957,-0.131462114,       ,              ,                ,                 ,               ,0,                    ,               , 
1234,31.3027423,-0.134010068,HIGALBM,31.3038-0.1338,G031.3034-0.1353,                 ,               ,0,                    ,G031.302-00.134,Q
1235,31.30648205,-0.136195122,       ,              ,                ,                 ,               ,0,                    ,               , 
1236,31.31093153,0.531892904,HIGALBM,31.3108+0.5320,                ,                 ,               ,0,                    ,               , 
1237,31.33080333,-0.158888004,HIGALBM,31.3311-0.1588,                ,                 ,               ,0,                    ,G031.331-00.159,Q
1238,31.39427863,-0.258389021,HIGALBM,31.3959-0.2577,G031.3959-0.2568,G031.3959-00.2570,UCHII          ,3203,HII region          ,G031.394-00.258,K
1239,31.40910293,0.308457799,       ,              ,                ,                 ,               ,0,                    ,               , 
1240,31.40911678,0.305022752,       ,              ,G031.4119+0.2998,                 ,               ,0,                    ,               , 
1241,31.4128379,0.047567004,HIGALBM,31.4134+0.0472,G031.4123+0.0477,                 ,               ,0,                    ,               , 
1242,31.41372642,0.310076118,       ,              ,G031.4120+0.3076,G031.4130+00.3065,UCHII          ,3149,HII region          ,G031.412+00.309,K
1243,31.42025795,-0.157968975,HIGALBM,31.4205-0.1578,                ,                 ,               ,0,                    ,               , 
1244,31.42702291,-0.139810322,HIGALBM,31.4266-0.1405,G031.4270-0.1389,                 ,               ,0,                    ,G031.426-00.140,G
1245,31.4309394,0.288041834,       ,              ,                ,                 ,               ,0,                    ,G031.431+00.289,C
1246,31.44630805,0.768070696,HIGALBM,31.4464+0.7685,                ,                 ,               ,0,                    ,G031.446+00.768,Q
1247,31.47518294,-0.347116888,HIGALBM,31.4768-0.3459,                ,                 ,               ,3211,Diffuse HII region  ,G031.470-00.344,K
1248,31.5082403,-0.245358592,       ,              ,                ,                 ,               ,0,                    ,G031.508-00.247,Q
1249,31.55336099,-0.096795547,HIGALBM,31.5549-0.1012,                ,                 ,               ,0,                    ,               , 
1250,31.55909602,-0.123263656,       ,              ,                ,                 ,               ,0,                    ,               , 
1251,31.56075128,0.376050928,HIGALBM,31.5605+0.3768,G031.5609+0.3776,                 ,               ,0,                    ,G031.561+00.376,C
1252,31.56666906,-0.270574412,HIGALBM,31.5659-0.2700,                ,                 ,               ,0,                    ,G031.568-00.271,Q
1253,31.5745008,0.228474714,HIGALBM,31.5782+0.2253,                ,                 ,               ,0,                    ,               , 
1254,31.57921796,0.075147204,HIGALBM,31.5817+0.0771,G031.5813+0.0779,G031.5815+00.0744,UCHII          ,4911,HII region          ,G031.580+00.074,G
1255,31.59186438,-0.192752252,HIGALBM,31.5941-0.1919,G031.5939-0.1922,                 ,               ,0,                    ,               , 
1256,31.59262189,0.324217354,HIGALBM,31.5929+0.3245,                ,                 ,               ,0,                    ,               , 
1257,31.59679626,-0.340714146,HIGALBM,31.5950-0.3363,                ,                 ,               ,0,                    ,               , 
1258,31.59805641,-0.679970419,       ,              ,                ,                 ,               ,0,                    ,               , 
1259,31.61109698,0.090249162,       ,              ,                ,                 ,               ,0,                    ,               , 
1260,31.642863,-0.267028444,HIGALBM,31.6428-0.2676,G031.6440-0.2660,                 ,               ,0,                    ,               , 
1261,31.66121624,0.366998186,HIGALBM,31.6623+0.3666,                ,                 ,               ,3171,PN?                 ,G031.661+00.366,Q
1262,31.6746624,0.239424471,HIGALBM,31.6770+0.2452,G031.6766+0.2452,                 ,               ,0,                    ,               , 
1263,31.68212741,-0.151829645,       ,              ,                ,                 ,               ,0,                    ,               , 
1264,31.72940938,0.700476915,HIGALBM,31.7302+0.7025,                ,                 ,               ,0,                    ,G031.727+00.698,K
1265,31.73778142,-0.182379511,HIGALBM,31.7353-0.1829,G031.7346-0.1814,                 ,               ,0,                    ,               , 
1266,31.75678162,-0.782314243,       ,              ,                ,                 ,               ,0,                    ,               , 
1267,31.79008806,-0.305959526,HIGALBM,31.7913-0.3062,                ,                 ,               ,0,                    ,               , 
1268,31.82063592,-0.113153494,       ,              ,                ,                 ,               ,0,                    ,               , 
1269,31.82427522,-0.113379275,HIGALBM,31.8247-0.1137,G031.8245-0.1120,                 ,               ,3208,HII region          ,               , 
1270,31.8358804,-0.140841828,       ,              ,                ,                 ,               ,0,                    ,               , 
1271,31.83774072,-0.128719687,HIGALBM,31.8388-0.1286,                ,                 ,               ,0,                    ,               , 
1272,31.8420179,-0.116447078,HIGALBM,31.8427-0.1169,                ,                 ,               ,0,                    ,               , 
1273,31.91336826,0.195635525,HIGALBM,31.9141+0.1957,                ,                 ,               ,0,                    ,G031.915+00.196,K
1274,31.91596517,0.440003878,HIGALBM,31.9161+0.4392,G031.9173+0.4408,                 ,               ,0,                    ,               , 
1275,31.94677428,0.065421096,       ,              ,                ,                 ,               ,0,                    ,               , 
1276,31.98534351,-0.557388898,HIGALBM,31.9857-0.5570,                ,                 ,               ,0,                    ,               , 
1277,32.021994,0.066533466,       ,              ,G032.0180+0.0637,                 ,               ,0,                    ,               , 
1278,32.03020732,0.049879578,HIGALBM,32.0283+0.0548,                ,G032.0297+00.0491,UCHII          ,3206,HII region          ,G032.030+00.048,K
1279,32.06321702,0.80790111,HIGALBM,32.0635+0.8081,                ,                 ,               ,0,                    ,               , 
1280,32.06817744,-0.089799599,HIGALBM,32.0680-0.0891,                ,                 ,               ,0,                    ,G032.069-00.091,C
1281,32.10483484,-0.372784276,HIGALBM,32.1065-0.3774,                ,                 ,               ,0,                    ,               , 
1282,32.11265808,0.096554103,       ,              ,                ,                 ,               ,0,                    ,G032.112+00.096,G
1283,32.11988437,0.090934665,HIGALBM,32.1173+0.0907,G032.1173+0.0909,                 ,               ,0,                    ,G032.116+00.090,G
1284,32.13136356,-0.091576667,HIGALBM,32.1316-0.0914,                ,                 ,               ,0,                    ,G032.131-00.092,Q
1285,32.13397091,0.90223789,HIGALBM,32.1354+0.9023,                ,                 ,               ,0,                    ,               , 
1286,32.1520191,0.131369542,HIGALBM,32.1498+0.1326,G032.1499+0.1346,G032.1502+00.1329,UCHII          ,3202,HII region          ,G032.152+00.131,K
1287,32.15373068,-0.278929738,HIGALBM,32.1587-0.2760,                ,                 ,               ,0,                    ,               , 
1288,32.27117125,-0.226111453,HIGALBM,32.2727-0.2255,G032.2730-0.2261,G032.2730-00.2258,UCHII          ,3219,HII region          ,G032.272-00.226,K
1289,32.30573485,0.374077641,HIGALBM,32.3062+0.3741,                ,                 ,               ,0,                    ,               , 
1290,32.31820651,-0.384156195,HIGALBM,32.3181-0.3845,                ,                 ,               ,0,                    ,               , 
1291,32.32323692,0.780839606,HIGALBM,32.3218+0.7761,                ,                 ,               ,0,                    ,               , 
1292,32.32746641,0.2558036,HIGALBM,32.3276+0.2563,                ,                 ,               ,0,                    ,               , 
1293,32.40008716,-0.328267141,HIGALBM,32.4003-0.3280,                ,                 ,               ,0,                    ,               , 
1294,32.40419271,0.162290035,HIGALBM,32.4047+0.1628,                ,                 ,               ,0,                    ,               , 
1295,32.42236569,0.078306821,HIGALBM,32.4235+0.0791,G032.4241+0.0813,                 ,               ,0,                    ,G032.423+00.077,K
1296,32.4368631,0.416077649,HIGALBM,32.4391+0.4171,                ,                 ,               ,0,                    ,G032.437+00.413,Q
1297,32.45818191,0.226066752,       ,              ,                ,                 ,               ,0,                    ,               , 
1298,32.45822771,0.385581835,HIGALBM,32.4557+0.3868,G032.4558+0.3865,                 ,               ,0,                    ,               , 
1299,32.46353232,0.194109719,HIGALBM,32.4630+0.1935,                ,                 ,               ,0,                    ,G032.463+00.193,G
1300,32.46622382,0.200427319,       ,              ,                ,                 ,               ,0,                    ,               , 
1301,32.473514,0.205644478,HIGALBM,32.4725+0.2040,G032.4719+0.2044,G032.4727+00.2036,UCHII          ,3209,HII region          ,G032.473+00.204,K
1302,32.50756352,0.842581872,HIGALBM,32.5057+0.8433,                ,                 ,               ,0,                    ,               , 
1303,32.57647732,-0.623062777,HIGALBM,32.5776-0.6234,                ,                 ,               ,0,                    ,               , 
1304,32.57798664,0.41915333,HIGALBM,32.5780+0.4201,                ,                 ,               ,0,                    ,               , 
1305,32.60104944,-0.251384074,HIGALBM,32.6007-0.2513,                ,                 ,               ,0,                    ,G032.600-00.251,Q
1306,32.61053412,-0.240903175,HIGALBM,32.6103-0.2407,                ,                 ,               ,0,                    ,G032.611-00.241,Q
1307,32.62680708,-0.101973384,HIGALBM,32.6268-0.1017,                ,                 ,               ,0,                    ,               , 
1308,32.63243029,-0.130948811,HIGALBM,32.6351-0.1325,                ,                 ,               ,0,                    ,               , 
1309,32.632485,-0.66207049,HIGALBM,32.6327-0.6626,                ,                 ,               ,0,                    ,               , 
1310,32.64853003,-0.648559669,HIGALBM,32.6490-0.6484,                ,                 ,               ,0,                    ,               , 
1311,32.69297207,0.046956598,HIGALBM,32.6930+0.0471,                ,                 ,               ,0,                    ,G032.694+00.046,Q
1312,32.70323151,-0.056339293,       ,              ,                ,                 ,               ,0,                    ,               , 
1313,32.70956274,-0.062482775,HIGALBM,32.7095-0.0626,G032.7054-0.0605,                 ,               ,0,                    ,G032.709-00.062,Q
1314,32.72309561,-0.295612198,       ,              ,                ,                 ,               ,0,                    ,               , 
1315,32.73955676,0.194441084,HIGALBM,32.7396+0.1945,G032.7383+0.1928,G032.7398+00.1940,UCHII          ,0,                    ,G032.739+00.193,C
1316,32.74573559,-0.073397213,HIGALBM,32.7443-0.0750,G032.7442-0.0753,G032.7441-00.0755,Dark HII-Region,0,                    ,               , 
1317,32.74835255,-0.063748921,HIGALBM,32.7493-0.0638,G032.7491-0.0650,G032.7492-00.0643,UCHII          ,3220,HII region          ,G032.749-00.065,C
1318,32.76926217,-0.182820422,HIGALBM,32.7697-0.1825,G032.7674-0.1826,                 ,               ,0,                    ,               , 
1319,32.772946,-0.05924745,HIGALBM,32.7733-0.0589,                ,                 ,               ,0,                    ,               , 
1320,32.77479152,0.184199381,       ,              ,                ,                 ,               ,0,                    ,G032.775+00.183,G
1321,32.79228785,0.193346309,       ,              ,                ,                 ,               ,0,                    ,               , 
1322,32.79413543,0.206211173,       ,              ,                ,                 ,               ,3213,HII region          ,G032.793+00.206,G
1323,32.79643753,0.188904707,HIGALBM,32.7965+0.1911,G032.7968+0.1909,G032.7966+00.1909,UCHII          ,3214,HII region          ,G032.800+00.190,K
1324,32.79714584,0.183967142,       ,              ,                ,                 ,               ,0,                    ,               , 
1325,32.83251944,-0.215919103,       ,              ,                ,                 ,               ,0,                    ,G032.830-00.222,Q
1326,32.85985257,-0.410472741,HIGALBM,32.8628-0.4136,G032.8608-0.4121,                 ,               ,0,                    ,G032.860-00.413,Q
1327,32.87155415,0.696856403,HIGALBM,32.8714+0.6970,                ,                 ,               ,0,                    ,               , 
1328,32.88770103,-0.278227092,HIGALBM,32.8883-0.2780,                ,                 ,               ,0,                    ,               , 
1329,32.92758727,0.605645977,HIGALBM,32.9273+0.6065,G032.9262+0.6058,G032.9273+00.6060,UCHII          ,3199,HII region          ,G032.928+00.606,K
1330,32.94489455,-0.376904022,       ,              ,                ,                 ,               ,0,                    ,G032.946-00.376,Q
1331,32.95934962,0.126671011,       ,              ,G032.9596+0.1315,                 ,               ,0,                    ,G032.957+00.125,Q
1332,32.96237049,-0.33954263,HIGALBM,32.9645-0.3392,                ,                 ,               ,0,                    ,               , 
1333,32.99047789,0.039122175,HIGALBM,32.9918+0.0342,G032.9911+0.0342,G032.9906+00.0385,HII-Region     ,3221,YSO                 ,G032.990+00.040,K
1334,33.01988241,-0.358036796,HIGALBM,33.0164-0.3564,                ,                 ,               ,0,                    ,               , 
1335,33.02330848,-0.365203278,HIGALBM,33.0242-0.3665,G033.0223-0.3688,                 ,               ,0,                    ,G033.024-00.366,C
1336,33.04832427,0.076767789,HIGALBM,33.0475+0.0777,                ,                 ,               ,0,                    ,G033.049+00.075,Q
1337,33.06876725,-0.197558968,HIGALBM,33.0693-0.1975,                ,                 ,               ,0,                    ,               , 
1338,33.1103629,-0.094027653,       ,              ,                ,                 ,               ,3233,Diffuse HII region  ,G033.110-00.095,G
1339,33.13301905,-0.09274251,HIGALBM,33.1332-0.0922,G033.1326-0.0929,G033.1328-00.0923,UCHII          ,3235,HII region          ,G033.134-00.093,K
1340,33.14259378,-0.086817251,       ,              ,                ,G033.1419-00.0853,HII-Region     ,3234,Diffuse HII region  ,G033.142-00.088,K
1341,33.20258294,-0.009753983,HIGALBM,33.2037-0.0095,G033.2058-0.0088,                 ,               ,3227,HII region          ,               , 
1342,33.20780924,-0.013422492,       ,              ,                ,                 ,               ,3230,Diffuse HII region  ,G033.205-00.013,K
1343,33.26324457,0.065896239,HIGALBM,33.2653+0.0672,G033.2645+0.0670,                 ,               ,0,                    ,G033.263+00.066,K
1344,33.28946204,-0.01904508,HIGALBM,33.2882-0.0191,G033.2868-0.0190,                 ,               ,0,                    ,G033.288-00.018,Q
1345,33.29842175,-0.338348731,HIGALBM,33.2989-0.3385,                ,                 ,               ,0,                    ,               , 
1346,33.30247493,0.094272322,HIGALBM,33.3052+0.0959,                ,                 ,               ,0,                    ,               , 
1347,33.31360806,-0.271657146,HIGALBM,33.3141-0.2718,                ,                 ,               ,0,                    ,G033.313-00.272,Q
1348,33.3305919,0.163672044,       ,              ,                ,                 ,               ,0,                    ,               , 
1349,33.33686398,0.165470433,HIGALBM,33.3370+0.1653,G033.3376+0.1655,                 ,               ,0,                    ,G033.336+00.165,Q
1350,33.39185279,-0.012650425,       ,              ,                ,                 ,               ,0,                    ,G033.391-00.012,Q
1351,33.40433828,0.373447629,HIGALBM,33.4044+0.3735,                ,                 ,               ,0,                    ,               , 
1352,33.417426,0.036831807,HIGALBM,33.4190+0.0314,G033.4173+0.0319,                 ,               ,0,                    ,G033.416+00.038,Q
1353,33.41770227,-0.003988034,HIGALBM,33.4168-0.0036,G033.4160-0.0030,G033.4163-00.0036,UCHII          ,3238,HII region          ,G033.419-00.005,K
1354,33.42551162,-0.012803771,HIGALBM,33.4257-0.0126,G033.4306-0.0143,                 ,               ,0,                    ,               , 
1355,33.47019198,-0.086558903,HIGALBM,33.4709-0.0864,                ,                 ,               ,0,                    ,               , 
1356,33.47897659,-0.116917155,       ,              ,                ,                 ,               ,0,                    ,               , 
1357,33.48254203,-0.209991282,HIGALBM,33.4830-0.2097,                ,                 ,               ,0,                    ,               , 
1358,33.48872632,0.152181224,HIGALBM,33.4888+0.1512,                ,                 ,               ,0,                    ,G033.488+00.151,Q
1359,33.49185752,0.158740845,HIGALBM,33.4921+0.1587,                ,                 ,               ,0,                    ,G033.487+00.158,Q
1360,33.49647418,-0.013199475,HIGALBM,33.4966-0.0129,G033.4941-0.0138,                 ,               ,0,                    ,               , 
1361,33.51814962,-0.056726208,HIGALBM,33.5188-0.0567,G033.5185-0.0575,                 ,               ,0,                    ,               , 
1362,33.51890443,0.149935141,       ,              ,                ,                 ,               ,0,                    ,               , 
1363,33.53008704,-0.118568978,       ,              ,                ,                 ,               ,0,                    ,               , 
1364,33.53422353,-0.109334218,HIGALBM,33.5344-0.1104,                ,                 ,               ,0,                    ,G033.534-00.109,Q
1365,33.55462905,-0.162906918,HIGALBM,33.5599-0.1615,                ,                 ,               ,0,                    ,               , 
1366,33.5900361,0.22577603,       ,              ,                ,                 ,               ,0,                    ,               , 
1367,33.61149477,0.083306432,HIGALBM,33.6119+0.0834,                ,                 ,               ,0,                    ,G033.611+00.082,Q
1368,33.62918117,-0.017654574,       ,              ,                ,                 ,               ,0,                    ,G033.627-00.017,Q
1369,33.6336327,-0.020999843,HIGALBM,33.6339-0.0205,G033.6326-0.0227,                 ,               ,0,                    ,               , 
1370,33.63799244,-0.035673578,HIGALBM,33.6386-0.0352,G033.6377-0.0345,                 ,               ,0,                    ,               , 
1371,33.64260408,-0.227646176,HIGALBM,33.6416-0.2277,G033.6416-0.2282,                 ,               ,3253,Diffuse HII region  ,G033.643-00.229,K
1372,33.64570723,-0.312531889,HIGALBM,33.6460-0.3122,                ,                 ,               ,0,                    ,               , 
1373,33.64983037,-0.025827063,HIGALBM,33.6504-0.0255,G033.6488-0.0273,                 ,               ,0,                    ,G033.650-00.026,Q
1374,33.65373451,-0.017637616,HIGALBM,33.6552-0.0172,G033.6546-0.0204,                 ,               ,0,                    ,G033.654-00.017,Q
1375,33.6537698,-0.165333183,HIGALBM,33.6542-0.1650,                ,                 ,               ,0,                    ,               , 
1376,33.65397537,0.157118465,HIGALBM,33.6550+0.1572,                ,                 ,               ,0,                    ,               , 
1377,33.68048522,-0.01734179,HIGALBM,33.6810-0.0173,                ,                 ,               ,0,                    ,G033.679-00.017,Q
1378,33.70563431,0.283593982,HIGALBM,33.7063+0.2837,G033.7038+0.2832,                 ,               ,0,                    ,               , 
1379,33.71124683,0.134007651,HIGALBM,33.7112+0.1352,                ,                 ,               ,0,                    ,               , 
1380,33.72593862,-0.425135407,HIGALBM,33.7263-0.4251,                ,                 ,               ,0,                    ,               , 
1381,33.72662625,-0.118624428,HIGALBM,33.7260-0.1200,                ,                 ,               ,0,                    ,               , 
1382,33.739533,0.347657551,       ,              ,                ,G033.7418+00.3525,IR-Quiet       ,0,                    ,G033.739+00.348,Q
1383,33.74563374,0.610719361,HIGALBM,33.7462+0.6109,                ,                 ,               ,0,                    ,               , 
1384,33.75216482,-0.064110407,       ,              ,                ,                 ,               ,0,                    ,G033.753-00.063,K
1385,33.75531386,0.296896664,       ,              ,                ,                 ,               ,0,                    ,               , 
1386,33.76501356,0.036009606,HIGALBM,33.7655+0.0367,                ,                 ,               ,0,                    ,G033.764+00.035,Q
1387,33.76747254,0.030909251,       ,              ,                ,                 ,               ,0,                    ,G033.767+00.030,Q
1388,33.77119126,-0.404690315,HIGALBM,33.7708-0.4053,                ,                 ,               ,0,                    ,G033.771-00.403,Q
1389,33.80850508,-0.153119763,HIGALBM,33.8121-0.1576,G033.8104-0.1581,                 ,               ,0,                    ,G033.813-00.150,K
1390,33.81036074,-0.186687846,HIGALBM,33.8103-0.1865,G033.8102-0.1877,G033.8100-00.1864,UCHII          ,3256,HII region          ,G033.809-00.186,K
1391,33.83285959,-0.122724075,HIGALBM,33.8332-0.1221,                ,                 ,               ,0,                    ,G033.832-00.123,Q
1392,33.87091963,0.057461901,HIGALBM,33.8715+0.0577,                ,                 ,               ,0,                    ,               , 
1393,33.88347451,0.058296916,HIGALBM,33.8841+0.0587,                ,                 ,               ,0,                    ,G033.882+00.057,K
1394,33.9149335,0.107618537,HIGALBM,33.9148+0.1100,G033.9147+0.1095,G033.9145+00.1105,UCHII          ,3244,HII region          ,G033.914+00.107,K
1395,33.97843389,-0.203140766,HIGALBM,33.9789-0.2031,                ,                 ,               ,0,                    ,               , 
1396,33.98954445,-0.009981457,       ,              ,                ,                 ,               ,0,                    ,G033.987-00.012,K
1397,33.99078653,-0.004199974,HIGALBM,33.9915-0.0035,G033.9907-0.0057,                 ,               ,0,                    ,G033.991-00.005,K
1398,34.02159512,0.233899188,HIGALBM,34.0216+0.2325,                ,                 ,               ,0,                    ,G034.023+00.233,Q
1399,34.03516682,0.164174439,       ,              ,                ,                 ,               ,0,                    ,               , 
1400,34.04346843,0.053551092,HIGALBM,34.0429+0.0565,G034.0454+0.0554,                 ,               ,0,                    ,G034.041+00.052,K
1401,34.04990531,-0.297963765,       ,              ,                ,                 ,               ,3263,YSO                 ,G034.050-00.298,Q
1402,34.0515109,-0.145422177,       ,              ,                ,                 ,               ,0,                    ,               , 
1403,34.06687895,-0.596959255,HIGALBM,34.0673-0.5966,                ,                 ,               ,0,                    ,               , 
1404,34.08882773,0.435794018,HIGALBM,34.0901+0.4367,G034.0900+0.4349,G034.0901+00.4365,UCHII          ,3231,Diffuse HII region  ,G034.089+00.438,K
1405,34.09646691,0.01806835,HIGALBM,34.0966+0.0179,G034.0954+0.0164,                 ,               ,0,                    ,G034.095+00.017,Q
1406,34.10269143,-0.026985486,HIGALBM,34.1027-0.0263,                ,                 ,               ,0,                    ,G034.102-00.027,G
1407,34.13245295,0.471285267,HIGALBM,34.1326+0.4706,G034.1327+0.4701,G034.1324+00.4700,HII-Region     ,3226,HII region          ,G034.133+00.471,K
1408,34.15418534,0.031774536,       ,              ,                ,                 ,               ,0,                    ,               , 
1409,34.19665233,-0.591653252,HIGALBM,34.1966-0.5919,G034.1956-0.5926,G034.1978-00.5912,UCHII          ,0,                    ,G034.196-00.592,K
1410,34.20252241,0.105132813,       ,              ,                ,                 ,               ,0,                    ,G034.201+00.105,G
1411,34.26863896,-0.207595506,HIGALBM,34.2673-0.2094,G034.2657-0.2096,                 ,               ,0,                    ,G034.269-00.208,Q
1412,34.29854657,0.18185125,       ,              ,                ,                 ,               ,0,                    ,G034.298+00.180,Q
1413,34.31089058,-0.094628279,       ,              ,                ,                 ,               ,0,                    ,               , 
1414,34.3160817,0.009908025,HIGALBM,34.3160+0.0116,                ,                 ,               ,0,                    ,G034.316+00.009,Q
1415,34.40295853,0.228011575,HIGALBM,34.4031+0.2284,G034.4005+0.2262,G034.4032+00.2277,UCHII          ,3247,YSO                 ,G034.404+00.227,K
1416,34.41362099,-0.21545825,       ,              ,                ,                 ,               ,0,                    ,               , 
1417,34.4380631,0.060828055,HIGALBM,34.4379+0.0608,G034.4374+0.0605,                 ,               ,0,                    ,               , 
1418,34.44341307,0.047270359,       ,              ,                ,                 ,               ,0,                    ,               , 
1419,34.45718667,0.008990535,HIGALBM,34.4553+0.0073,G034.4545+0.0061,                 ,               ,0,                    ,               , 
1420,34.48817449,-0.177558836,HIGALBM,34.4882-0.1803,                ,                 ,               ,0,                    ,G034.486-00.178,Q
1421,34.52508849,0.307439529,HIGALBM,34.5251+0.3079,                ,                 ,               ,0,                    ,               , 
1422,34.56185338,-0.450263672,HIGALBM,34.5606-0.4500,                ,                 ,               ,0,                    ,               , 
1423,34.59172723,0.243326725,HIGALBM,34.5917+0.2439,G034.5913+0.2428,G034.5920+00.2434,UCHII          ,0,                    ,G034.591+00.244,K
1424,34.60177292,-0.412436185,HIGALBM,34.5968-0.4104,                ,                 ,               ,0,                    ,G034.600-00.412,Q
1425,34.62402233,-0.130272339,HIGALBM,34.6236-0.1295,G034.6244-0.1306,                 ,               ,3270,HII region          ,G034.623-00.131,C
1426,34.6278837,-0.025555191,HIGALBM,34.6259-0.0244,G034.6242-0.0240,                 ,               ,0,                    ,G034.627-00.026,Q
1427,34.63278158,-0.023918423,HIGALBM,34.6333-0.0232,G034.6340-0.0227,                 ,               ,0,                    ,G034.633-00.025,Q
1428,34.67758798,-0.109720809,HIGALBM,34.6783-0.1099,G034.6803-0.1097,                 ,               ,0,                    ,G034.677-00.110,Q
1429,34.68082932,-0.501849613,HIGALBM,34.6784-0.5017,                ,                 ,               ,0,                    ,G034.684-00.503,Q
1430,34.68497981,0.067445904,HIGALBM,34.6854+0.0693,G034.6861+0.0697,                 ,               ,3260,HII/YSO             ,G034.686+00.068,K
1431,34.69607929,-0.652951909,       ,              ,                ,                 ,               ,0,                    ,               , 
1432,34.69760777,-0.658028916,HIGALBM,34.6990-0.6575,                ,                 ,               ,0,                    ,G034.697-00.656,Q
1433,34.75680025,0.024876815,HIGALBM,34.7565+0.0253,G034.7569+0.0249,                 ,               ,3266,YSO                 ,G034.756+00.022,K
1434,34.80175322,-0.255915937,HIGALBM,34.8029-0.2561,                ,                 ,               ,0,                    ,G034.803-00.257,C
1435,34.80512896,-0.921506252,       ,              ,                ,                 ,               ,0,                    ,               , 
1436,34.82255337,0.325879652,       ,              ,                ,                 ,               ,0,                    ,G034.823+00.325,Q
1437,34.86434777,0.034791998,HIGALBM,34.8647+0.0352,                ,                 ,               ,0,                    ,               , 
1438,34.86542782,0.251668082,HIGALBM,34.8653+0.2524,                ,                 ,               ,0,                    ,G034.864+00.251,Q
1439,34.90224458,0.068298541,HIGALBM,34.9026+0.0687,                ,                 ,               ,0,                    ,               , 
1440,34.91038505,0.235092105,HIGALBM,34.9107+0.2352,                ,                 ,               ,0,                    ,               , 
1441,34.93144784,0.014522385,HIGALBM,34.9334+0.0201,                ,                 ,               ,0,                    ,G034.932+00.014,Q
1442,35.02044901,0.345020997,       ,              ,                ,G035.0242+00.3502,UCHII          ,0,                    ,               , 
1443,35.03929637,-0.547664585,HIGALBM,35.0428-0.5472,                ,                 ,               ,0,                    ,G035.039-00.549,Q
1444,35.04411623,0.327188321,HIGALBM,35.0442+0.3268,                ,                 ,               ,0,                    ,               , 
1445,35.04558723,-0.448991138,HIGALBM,35.0456-0.4487,                ,                 ,               ,0,                    ,               , 
1446,35.05282279,-0.517938923,HIGALBM,35.0529-0.5170,G035.0534-0.5163,G035.0524-00.5177,UCHII          ,3296,HII region          ,G035.051-00.520,K
1447,35.09950087,-0.243245131,HIGALBM,35.0993-0.2416,                ,                 ,               ,0,                    ,G035.099-00.243,K
1448,35.1095569,0.075319495,       ,              ,                ,                 ,               ,0,                    ,G035.109+00.075,Q
1449,35.11154238,0.071544613,       ,              ,                ,                 ,               ,0,                    ,               , 
1450,35.13826818,-0.76155382,       ,              ,G035.1341-0.7589,G035.1378-00.7622,HII-Region     ,3307,Diffuse HII region  ,               , 
1451,35.13842743,0.802060196,HIGALBM,35.1378+0.8003,                ,                 ,               ,0,                    ,G035.136+00.805,Q
1452,35.15099463,0.822993155,       ,              ,                ,                 ,               ,0,                    ,               , 
1453,35.17280414,-0.949074192,       ,              ,                ,                 ,               ,0,                    ,               , 
1454,35.24207193,-0.171626744,HIGALBM,35.2421-0.1712,                ,                 ,               ,0,                    ,               , 
1455,35.26135916,-0.052346802,HIGALBM,35.2617-0.0558,                ,                 ,               ,0,                    ,               , 
1456,35.26640684,0.117866074,HIGALBM,35.2664+0.1179,                ,                 ,               ,0,                    ,               , 
1457,35.34770171,0.347122829,HIGALBM,35.3446+0.3474,G035.3462+0.3486,                 ,               ,3265,YSO                 ,               , 
1458,35.3579868,-0.75056896,       ,              ,                ,                 ,               ,0,                    ,               , 
1459,35.38672955,0.134357411,       ,              ,                ,                 ,               ,0,                    ,               , 
1460,35.39852451,0.024834015,HIGALBM,35.3985+0.0255,G035.3989+0.0255,                 ,               ,0,                    ,G035.398+00.025,Q
1461,35.41153661,-0.843194604,HIGALBM,35.4123-0.8424,                ,                 ,               ,0,                    ,G035.408-00.844,Q
1462,35.45185565,-0.294487464,HIGALBM,35.4521-0.2942,G035.4529-0.2951,                 ,               ,4916,HII region          ,               , 
1463,35.45631062,0.243386894,       ,              ,                ,                 ,               ,0,                    ,               , 
1464,35.46665725,0.137781246,HIGALBM,35.4673+0.1392,G035.4667+0.1403,G035.4669+00.1394,UCHII          ,3276,HII region          ,G035.467+00.139,K
1465,35.46989062,0.361566316,HIGALBM,35.4704+0.3621,                ,                 ,               ,0,                    ,               , 
1466,35.4716443,-0.43632581,HIGALBM,35.4718-0.4358,                ,G035.4719-00.4365,PN             ,3301,PN                  ,               , 
1467,35.48227304,-0.043198022,HIGALBM,35.4823-0.0433,                ,                 ,               ,0,                    ,               , 
1468,35.48908394,-0.011039226,       ,              ,                ,                 ,               ,0,                    ,G035.486-00.013,G
1469,35.49489582,-0.077074989,HIGALBM,35.4952-0.0768,                ,                 ,               ,0,                    ,G035.496-00.077,Q
1470,35.51392671,-0.389364143,HIGALBM,35.5136-0.3890,                ,                 ,               ,0,                    ,               , 
1471,35.51677631,-0.031022798,HIGALBM,35.5160-0.0325,G035.5175-0.0342,                 ,               ,0,                    ,G035.516-00.031,Q
1472,35.52663208,-0.145399357,HIGALBM,35.5257-0.1402,                ,                 ,               ,0,                    ,G035.530-00.146,Q
1473,35.54945546,-0.358344939,       ,              ,                ,                 ,               ,0,                    ,               , 
1474,35.554836,0.014510223,       ,              ,                ,                 ,               ,0,                    ,G035.554+00.014,Q
1475,35.56260359,0.078355075,HIGALBM,35.5630+0.0784,                ,                 ,               ,0,                    ,               , 
1476,35.57326042,0.069627955,HIGALBM,35.5737+0.0677,G035.5767+0.0676,G035.5734+00.0679,HII-Region     ,3281,HII region          ,G035.571+00.071,K
1477,35.57762786,-0.585209485,HIGALBM,35.5768-0.5850,G035.5751-0.5856,                 ,               ,0,                    ,G035.576-00.586,Q
1478,35.57796727,-0.029885579,HIGALBM,35.5783-0.0303,G035.5786-0.0312,G035.5781-00.0305,UCHII          ,3288,HII region          ,G035.576-00.032,K
1479,35.57797752,0.048704242,HIGALBM,35.5779+0.0489,G035.5779+0.0481,                 ,               ,0,                    ,G035.575+00.047,G
1480,35.59756163,-0.114823721,HIGALBM,35.5978-0.1140,                ,                 ,               ,0,                    ,               , 
1481,35.60148757,-0.203350331,HIGALBM,35.6038-0.2017,G035.6050-0.2024,                 ,               ,0,                    ,               , 
1482,35.63971046,0.294687516,HIGALBM,35.6401+0.2944,                ,                 ,               ,0,                    ,               , 
1483,35.67340703,-0.245525116,HIGALBM,35.6736-0.2441,G035.6731-0.2476,                 ,               ,0,                    ,               , 
1484,35.67899916,0.301923425,HIGALBM,35.6792+0.3020,                ,                 ,               ,0,                    ,               , 
1485,35.72105125,-0.929696314,       ,              ,                ,                 ,               ,0,                    ,G035.722-00.927,Q
1486,35.7459999,0.157549607,HIGALBM,35.7464+0.1568,G035.7493+0.1539,                 ,               ,0,                    ,G035.745+00.157,C
1487,35.82308667,-0.869061956,HIGALBM,35.8268-0.8647,                ,                 ,               ,0,                    ,G035.824-00.869,Q
1488,35.83050963,-0.193046943,       ,              ,                ,                 ,               ,0,                    ,               , 
1489,35.84026105,-0.147084893,       ,              ,                ,                 ,               ,0,                    ,               , 
1490,35.94843722,-0.14748945,HIGALBM,35.9488-0.1457,G035.9494-0.1462,                 ,               ,3300,HII region          ,G035.948-00.149,K
1491,36.03871208,0.264916216,HIGALBM,36.0331+0.2651,                ,                 ,               ,0,                    ,               , 
1492,36.17462896,-0.305692429,       ,              ,                ,                 ,               ,0,                    ,               , 
1493,36.22184678,0.072993682,HIGALBM,36.2218+0.0730,                ,                 ,               ,0,                    ,G036.220+00.070,Q
1494,36.33659543,-0.213205052,       ,              ,                ,                 ,               ,0,                    ,G036.338-00.213,Q
1495,36.35661686,-0.700599831,HIGALBM,36.3570-0.6999,                ,                 ,               ,0,                    ,               , 
1496,36.37207953,0.642316304,HIGALBM,36.3778+0.6397,G036.3743+0.6394,                 ,               ,0,                    ,               , 
1497,36.37995026,0.797446513,       ,              ,                ,                 ,               ,0,                    ,               , 
1498,36.38311086,0.793029739,       ,              ,G036.3851+0.7876,                 ,               ,0,                    ,               , 
1499,36.38923861,0.385458073,       ,              ,                ,                 ,               ,0,                    ,               , 
1500,36.40597411,0.023951573,HIGALBM,36.4064+0.0225,G036.4063+0.0217,G036.4057+00.0226,UCHII          ,3302,HII region          ,G036.405+00.021,K
1501,36.40767677,0.130764663,HIGALBM,36.4084+0.1308,                ,                 ,               ,0,                    ,               , 
1502,36.47968916,0.086642406,       ,              ,                ,                 ,               ,0,                    ,G036.480+00.085,Q
1503,36.47999364,-0.271865125,HIGALBM,36.4826-0.2684,                ,                 ,               ,0,                    ,               , 
1504,36.49806426,0.732175496,HIGALBM,36.4984+0.7321,                ,                 ,               ,0,                    ,               , 
1505,36.51376806,0.98642074,HIGALBM,36.5141+0.9860,                ,                 ,               ,0,                    ,               , 
1506,36.55360562,-0.543719584,HIGALBM,36.5534-0.5435,                ,                 ,               ,0,                    ,               , 
1507,36.57730175,-0.502565609,HIGALBM,36.5773-0.5026,                ,                 ,               ,0,                    ,G036.577-00.504,Q
1508,36.63520984,-0.230714905,HIGALBM,36.6355-0.2302,                ,                 ,               ,0,                    ,               , 
1509,36.64506994,-0.61037183,HIGALBM,36.6454-0.6108,                ,                 ,               ,0,                    ,G036.645-00.611,Q
1510,36.65342253,0.318728192,HIGALBM,36.6540+0.3187,                ,                 ,               ,0,                    ,               , 
1511,36.70014972,0.086583981,HIGALBM,36.7010+0.0865,                ,                 ,               ,0,                    ,G036.700+00.087,Q
1512,36.72299132,-0.160416816,       ,              ,                ,                 ,               ,0,                    ,G036.722-00.161,Q
1513,36.77043296,-0.29661981,HIGALBM,36.7695-0.2964,                ,                 ,               ,0,                    ,               , 
1514,36.78257623,0.082567191,       ,              ,                ,                 ,               ,0,                    ,               , 
1515,36.78875407,-0.203604318,HIGALBM,36.7894-0.2043,G036.7945-0.2040,                 ,               ,0,                    ,               , 
1516,36.82203356,0.010322255,       ,              ,                ,                 ,               ,0,                    ,               , 
1517,36.84066859,0.117703889,HIGALBM,36.8406+0.1177,                ,                 ,               ,0,                    ,G036.840+00.117,Q
1518,36.8480035,-0.136382115,       ,              ,                ,                 ,               ,0,                    ,G036.848-00.137,Q
1519,36.85301025,-0.130511934,HIGALBM,36.8521-0.1347,G036.8524-0.1329,                 ,               ,0,                    ,               , 
1520,36.86807699,0.461240283,HIGALBM,36.8684+0.4617,                ,                 ,               ,0,                    ,G036.870+00.462,K
1521,36.87702941,0.500837208,HIGALBM,36.8770+0.5006,                ,                 ,               ,0,                    ,G036.877+00.498,G
1522,36.89443285,-0.133885525,HIGALBM,36.8948-0.1337,G036.8962-0.1354,                 ,               ,0,                    ,G036.894-00.134,Q
1523,36.90574674,0.131707743,       ,              ,                ,                 ,               ,0,                    ,G036.906+00.131,Q
1524,36.90884007,-0.30916816,       ,              ,                ,                 ,               ,0,                    ,G036.907-00.310,Q
1525,36.91976767,0.482589824,HIGALBM,36.9188+0.4829,G036.9204+0.4831,                 ,               ,3292,YSO                 ,G036.918+00.482,K
1526,36.99485189,-0.231176936,HIGALBM,36.9951-0.2313,                ,                 ,               ,0,                    ,G036.993-00.231,K
1527,37.04137008,-0.03238199,HIGALBM,37.0434-0.0350,G037.0422-0.0353,                 ,               ,0,                    ,               , 
1528,37.14904388,0.305475281,HIGALBM,37.1493+0.3058,                ,                 ,               ,0,                    ,               , 
1529,37.16481429,-0.355996037,HIGALBM,37.1650-0.3558,                ,                 ,               ,0,                    ,               , 
1530,37.25815507,-0.376377849,HIGALBM,37.2580-0.3759,                ,                 ,               ,0,                    ,               , 
1531,37.27807024,0.099218962,HIGALBM,37.2775+0.1038,                ,                 ,               ,0,                    ,G037.278+00.098,Q
1532,37.28307774,-0.451621597,HIGALBM,37.2833-0.4517,                ,                 ,               ,0,                    ,G037.283-00.451,Q
1533,37.31816661,0.16251234,HIGALBM,37.3193+0.1618,G037.3185+0.1625,                 ,               ,0,                    ,G037.319+00.162,C
1534,37.32004663,0.168765761,       ,              ,                ,                 ,               ,0,                    ,G037.320+00.168,C
1535,37.33581252,-0.059673922,       ,              ,                ,                 ,               ,0,                    ,               , 
1536,37.34038488,-0.060698839,HIGALBM,37.3410-0.0632,G037.3406-0.0617,                 ,               ,3316,YSO                 ,G037.339-00.061,G
1537,37.34188133,0.685679352,HIGALBM,37.3412+0.6854,                ,                 ,               ,3294,Diffuse HII region  ,G037.344+00.684,K
1538,37.35445429,-0.232044444,HIGALBM,37.3556-0.2315,                ,                 ,               ,3322,Diffuse HII region  ,               , 
1539,37.36410176,-0.23594345,HIGALBM,37.3650-0.2352,G037.3641-0.2341,                 ,               ,0,                    ,G037.362-00.234,K
1540,37.38100263,-0.08180732,HIGALBM,37.3818-0.0822,                ,                 ,               ,0,                    ,G037.380-00.082,Q
1541,37.45398034,-0.005791537,HIGALBM,37.4542-0.0061,                ,                 ,               ,0,                    ,               , 
1542,37.45856113,-0.0607744,HIGALBM,37.4591-0.0606,                ,                 ,               ,0,                    ,               , 
1543,37.46835675,-0.104126803,HIGALBM,37.4688-0.1038,G037.4690-0.1029,                 ,               ,0,                    ,G037.469-00.105,K
1544,37.48618144,0.522849329,       ,              ,                ,                 ,               ,0,                    ,               , 
1545,37.49132611,0.786703872,HIGALBM,37.4911+0.7869,                ,                 ,               ,0,                    ,               , 
1546,37.49740505,0.530403459,HIGALBM,37.4981+0.5302,G037.4976+0.5304,                 ,               ,3304,YSO                 ,G037.497+00.530,K
1547,37.52249156,0.777069291,HIGALBM,37.5230+0.7776,                ,                 ,               ,0,                    ,               , 
1548,37.54431227,-0.111353873,HIGALBM,37.5459-0.1119,G037.5462-0.1122,G037.5457-00.1120,UCHII          ,3318,HII region          ,G037.544-00.115,K
1549,37.54609208,-0.118471432,       ,              ,                ,                 ,               ,0,                    ,               , 
1550,37.58047311,0.283139142,       ,              ,                ,                 ,               ,0,                    ,               , 
1551,37.61495936,-0.311105841,       ,              ,                ,                 ,               ,0,                    ,               , 
1552,37.63915414,-0.105510927,HIGALBM,37.6394-0.1049,G037.6374-0.1040,                 ,               ,3325,HII region          ,G037.639-00.106,C
1553,37.66460036,-0.332268161,       ,              ,                ,                 ,               ,0,                    ,               , 
1554,37.66546522,-0.322816823,       ,              ,                ,                 ,               ,0,                    ,               , 
1555,37.68969545,0.069968609,HIGALBM,37.6840+0.0730,                ,                 ,               ,0,                    ,G037.685+00.074,Q
1556,37.6975655,0.038977651,HIGALBM,37.6937+0.0343,                ,                 ,               ,0,                    ,               , 
1557,37.70377996,0.031287448,HIGALBM,37.7036+0.0315,                ,                 ,               ,0,                    ,G037.704+00.030,Q
1558,37.70613715,-0.427604047,HIGALBM,37.7059-0.4270,                ,                 ,               ,0,                    ,               , 
1559,37.75647328,0.560249458,HIGALBM,37.7562+0.5602,G037.7578+0.5599,G037.7562+00.5605,UCHII          ,0,                    ,G037.754+00.560,K
1560,37.76404015,-0.21249708,HIGALBM,37.7634-0.2140,G037.7645-0.2159,G037.7633-00.2167,HII-Region     ,3330,Diffuse HII region  ,G037.763-00.212,K
1561,37.77417811,0.351089973,HIGALBM,37.7744+0.3509,                ,                 ,               ,0,                    ,G037.773+00.351,Q
1562,37.77987857,0.107322813,HIGALBM,37.7806+0.1082,                ,                 ,               ,0,                    ,               , 
1563,37.8000159,-0.371952127,HIGALBM,37.8003-0.3716,G037.8008-0.3712,                 ,               ,0,                    ,               , 
1564,37.81466988,-0.379028059,HIGALBM,37.8176-0.3806,G037.8189-0.3828,                 ,               ,0,                    ,G037.816-00.379,K
1565,37.81959582,0.413304121,HIGALBM,37.8196+0.4124,G037.8198+0.4124,G037.8197+00.4140,UCHII          ,4918,HII region          ,G037.820+00.414,K
1566,37.82239878,-0.299957997,HIGALBM,37.8226-0.3001,                ,                 ,               ,0,                    ,               , 
1567,37.82543348,0.405362636,       ,              ,                ,                 ,               ,0,                    ,               , 
1568,37.8606775,0.145303573,HIGALBM,37.8606+0.1435,                ,                 ,               ,0,                    ,               , 
1569,37.8657905,-0.602697605,HIGALBM,37.8686-0.6004,G037.8674-0.6011,G037.8683-00.6008,UCHII          ,3346,HII region          ,G037.868-00.601,K
1570,37.87427929,-0.399754263,HIGALBM,37.8729-0.3989,G037.8734-0.3997,G037.8731-00.3996,UCHII          ,3341,HII region          ,G037.872-00.399,K
1571,37.90103272,0.318774681,HIGALBM,37.9010+0.3182,                ,                 ,               ,0,                    ,               , 
1572,37.94966598,-0.489120745,HIGALBM,37.9502-0.4889,                ,                 ,               ,0,                    ,               , 
1573,37.97197638,-0.096195425,HIGALBM,37.9722-0.0961,                ,G037.9723-00.0965,UCHII          ,0,                    ,G037.972-00.097,C
1574,38.07177694,0.312416843,HIGALBM,38.0717+0.3124,                ,                 ,               ,0,                    ,               , 
1575,38.09172014,0.277635635,HIGALBM,38.0917+0.2775,                ,                 ,               ,0,                    ,               , 
1576,38.09806088,0.355061318,HIGALBM,38.0985+0.3550,                ,                 ,               ,0,                    ,               , 
1577,38.09942169,0.675023026,HIGALBM,38.1020+0.6739,                ,                 ,               ,0,                    ,               , 
1578,38.12182116,-0.225387886,HIGALBM,38.1189-0.2284,G038.1191-0.2296,                 ,               ,3335,HII region          ,G038.121-00.226,K
1579,38.19083806,-0.16067924,HIGALBM,38.1907-0.1607,G038.1941-0.1587,                 ,               ,0,                    ,               , 
1580,38.22140415,0.24816073,HIGALBM,38.2226+0.2478,                ,                 ,               ,0,                    ,G038.222+00.248,Q
1581,38.26379772,0.620479389,HIGALBM,38.2627+0.6197,                ,                 ,               ,0,                    ,G038.264+00.621,Q
1582,38.29718191,-0.209762244,HIGALBM,38.2970-0.2094,                ,                 ,               ,0,                    ,               , 
1583,38.30376716,0.110923968,       ,              ,                ,                 ,               ,0,                    ,               , 
1584,38.30961577,0.907170767,       ,              ,                ,                 ,               ,0,                    ,               , 
1585,38.32969029,-0.223402469,       ,              ,                ,                 ,               ,0,                    ,               , 
1586,38.3460766,-0.055771442,HIGALBM,38.3461-0.0557,                ,                 ,               ,0,                    ,               , 
1587,38.35882667,0.001989662,HIGALBM,38.3587+0.0022,                ,                 ,               ,0,                    ,               , 
1588,38.37724309,0.170241264,HIGALBM,38.3765+0.1721,                ,                 ,               ,0,                    ,G038.376+00.171,Q
1589,38.46480941,-0.06412856,HIGALBM,38.4647-0.0638,G038.4647-0.0655,                 ,               ,0,                    ,G038.463-00.066,Q
1590,38.53007013,0.230263757,HIGALBM,38.5300+0.2299,                ,                 ,               ,0,                    ,               , 
1591,38.53959886,-0.30300386,HIGALBM,38.5399-0.3025,                ,                 ,               ,0,                    ,               , 
1592,38.54985364,0.162819438,HIGALBM,38.5546+0.1627,G038.5555+0.1634,G038.5493+00.1646,UCHII          ,3331,HII region          ,G038.550+00.163,K
1593,38.62138666,-0.188057193,HIGALBM,38.6221-0.1886,                ,                 ,               ,0,                    ,               , 
1594,38.64639689,-0.226082376,HIGALBM,38.6463-0.2258,G038.6464-0.2260,G038.6465-00.2260,UCHII          ,3349,HII region          ,G038.643-00.227,K
1595,38.6932993,-0.452228101,HIGALBM,38.6931-0.4520,G038.6940-0.4521,G038.6934-00.4524,UCHII          ,3358,HII region          ,G038.693-00.452,C
1596,38.72273446,-0.13077799,HIGALBM,38.7229-0.1301,                ,                 ,               ,0,                    ,               , 
1597,38.75230598,0.176083739,HIGALBM,38.7522+0.1756,G038.7524+0.1769,                 ,               ,0,                    ,G038.750+00.177,Q
1598,38.75456969,-0.526601227,HIGALBM,38.7539-0.5273,                ,                 ,               ,0,                    ,G038.757-00.525,Q
1599,38.77822012,0.10091226,HIGALBM,38.7781+0.1013,                ,                 ,               ,0,                    ,G038.778+00.102,Q
1600,38.80441134,0.099529676,HIGALBM,38.8051+0.0979,                ,                 ,               ,0,                    ,G038.805+00.100,Q
1601,38.85738222,-0.524048973,HIGALBM,38.8576-0.5223,                ,                 ,               ,0,                    ,               , 
1602,38.87480545,0.056095959,HIGALBM,38.8741+0.0601,                ,                 ,               ,0,                    ,G038.874+00.056,Q
1603,38.87529545,0.309002422,HIGALBM,38.8755+0.3084,G038.8758+0.3089,G038.8756+00.3080,UCHII          ,3333,HII region          ,G038.875+00.308,K
1604,38.87880202,-0.147363297,HIGALBM,38.8788-0.1471,                ,                 ,               ,0,                    ,               , 
1605,38.90522878,-0.461908043,HIGALBM,38.9055-0.4616,G038.9088-0.4622,                 ,               ,0,                    ,               , 
1606,38.91456114,-0.148241447,HIGALBM,38.9129-0.1490,                ,                 ,               ,0,                    ,G038.915-00.149,Q
1607,38.91465789,-0.194108258,HIGALBM,38.9150-0.1936,                ,                 ,               ,0,                    ,               , 
1608,38.92630429,-0.35209623,HIGALBM,38.9214-0.3515,G038.9208-0.3510,                 ,               ,0,                    ,G038.925-00.356,G
1610,38.93252408,0.399493802,       ,              ,                ,                 ,               ,0,                    ,               , 
1611,38.95445004,0.27091145,HIGALBM,38.9547+0.2712,                ,                 ,               ,0,                    ,               , 
1612,38.98018077,-0.272612515,HIGALBM,38.9804-0.2713,                ,                 ,               ,0,                    ,G038.978-00.269,K
1613,39.05374516,0.217852691,HIGALBM,39.0536+0.2181,                ,                 ,               ,0,                    ,               , 
1614,39.11260438,0.504226171,       ,              ,                ,                 ,               ,0,                    ,               , 
1615,39.15068143,-0.286562689,       ,              ,                ,                 ,               ,0,                    ,               , 
1616,39.16055776,0.736032284,HIGALBM,39.1608+0.7362,                ,                 ,               ,0,                    ,               , 
1617,39.16115004,-0.165936479,HIGALBM,39.1612-0.1655,                ,                 ,               ,0,                    ,               , 
1618,39.17054553,0.578869675,HIGALBM,39.1748+0.5804,                ,                 ,               ,0,                    ,               , 
1619,39.1888564,-0.564630864,HIGALBM,39.1892-0.5647,                ,                 ,               ,0,                    ,               , 
1620,39.19554624,0.224348845,HIGALBM,39.1956+0.2253,G039.1949+0.2259,G039.1956+00.2255,UCHII          ,3342,HII region          ,G039.196+00.224,K
1621,39.21443576,0.2023756,HIGALBM,39.2150+0.2020,                ,                 ,               ,0,                    ,G039.213+00.202,C
1622,39.23843762,-0.555813842,HIGALBM,39.2387-0.5555,                ,                 ,               ,0,                    ,               , 
1623,39.2451128,-0.062390677,HIGALBM,39.2451-0.0661,G039.2456-0.0669,G039.2450-00.0673,HII-Region     ,0,                    ,               , 
1624,39.24919117,-0.063942319,       ,              ,                ,                 ,               ,3353,Diffuse HII region  ,G039.248-00.064,K
1625,39.27135807,0.346478523,HIGALBM,39.2704+0.3468,                ,                 ,               ,0,                    ,G039.272+00.345,C
1626,39.27641349,-0.315809939,       ,              ,                ,                 ,               ,0,                    ,               , 
1627,39.27656219,0.036433663,HIGALBM,39.2765+0.0370,                ,                 ,               ,0,                    ,               , 
1628,39.29507004,-0.255700046,HIGALBM,39.2953-0.2551,                ,                 ,               ,0,                    ,               , 
1629,39.30754772,-0.350817158,       ,              ,                ,                 ,               ,0,                    ,               , 
1630,39.3091416,-0.308977764,HIGALBM,39.3095-0.3087,                ,                 ,               ,0,                    ,               , 
1631,39.33141819,0.336584186,HIGALBM,39.3316+0.3369,                ,                 ,               ,0,                    ,               , 
1632,39.33299806,-0.093367785,       ,              ,                ,                 ,               ,0,                    ,               , 
1633,39.36222669,-0.331652183,HIGALBM,39.3625-0.3308,                ,                 ,               ,0,                    ,G039.361-00.332,Q
1634,39.38835852,-0.143555314,HIGALBM,39.3877-0.1401,G039.3883-0.1404,                 ,               ,4924,HII region          ,G039.388-00.143,K
1635,39.39772718,0.105708866,HIGALBM,39.3980+0.1062,                ,                 ,               ,0,                    ,               , 
1636,39.43340023,-0.187659317,HIGALBM,39.4348-0.1865,G039.4340-0.1864,                 ,               ,0,                    ,G039.432-00.189,Q
1637,39.46651907,-0.13289691,HIGALBM,39.4667-0.1325,                ,                 ,               ,0,                    ,               , 
1638,39.49098868,0.673600897,HIGALBM,39.4916+0.6734,                ,                 ,               ,0,                    ,G039.491+00.676,Q
1639,39.50586508,-0.28082841,HIGALBM,39.5041-0.2824,                ,                 ,               ,0,                    ,G039.506-00.280,C
1640,39.51433453,0.632513612,HIGALBM,39.5156+0.6326,                ,                 ,               ,0,                    ,               , 
1641,39.52812638,-0.455503075,HIGALBM,39.5278-0.4577,                ,                 ,               ,0,                    ,G039.526-00.456,Q
1642,39.52814946,-0.185360155,       ,              ,                ,                 ,               ,0,                    ,               , 
1643,39.53641055,0.870516805,HIGALBM,39.5366+0.8703,                ,                 ,               ,0,                    ,G039.536+00.872,C
1644,39.5391947,0.877038702,       ,              ,                ,                 ,               ,0,                    ,               , 
1645,39.54517791,-0.366106708,HIGALBM,39.5415-0.3668,                ,                 ,               ,0,                    ,G039.544-00.366,K
1646,39.55078297,-0.156452367,       ,              ,                ,                 ,               ,0,                    ,G039.548-00.160,Q
1647,39.55264286,-0.428826728,HIGALBM,39.5529-0.4286,                ,                 ,               ,0,                    ,G039.549-00.428,Q
1648,39.55275557,-0.164263478,HIGALBM,39.5529-0.1639,                ,                 ,               ,0,                    ,G039.555-00.167,Q
1649,39.56181296,-0.429837141,       ,              ,                ,                 ,               ,0,                    ,               , 
1650,39.56298559,-0.424546353,HIGALBM,39.5631-0.4244,                ,                 ,               ,0,                    ,               , 
1651,39.56688602,0.413166239,HIGALBM,39.5675+0.4097,                ,                 ,               ,0,                    ,               , 
1652,39.56883802,0.012325233,       ,              ,                ,                 ,               ,0,                    ,G039.567+00.013,Q
1653,39.57531219,0.010631973,HIGALBM,39.5754+0.0115,G039.5727+0.0126,                 ,               ,0,                    ,               , 
1654,39.58273983,-0.185730862,HIGALBM,39.5831-0.1852,                ,                 ,               ,0,                    ,G039.583-00.186,Q
1655,39.58445505,0.005429817,       ,              ,                ,                 ,               ,0,                    ,G039.585+00.005,Q
1656,39.64882993,-0.293380891,HIGALBM,39.6488-0.2934,                ,                 ,               ,0,                    ,G039.648-00.294,Q
1657,39.66517475,-0.154580595,HIGALBM,39.6609-0.1553,                ,                 ,               ,0,                    ,G039.667-00.158,Q
1658,39.67214098,-0.457654307,HIGALBM,39.6726-0.4575,G039.6722-0.4577,                 ,               ,0,                    ,G039.672-00.459,K
1659,39.72829255,-0.397111269,HIGALBM,39.7278-0.3976,G039.7275-0.3987,G039.7277-00.3973,HII-Region     ,3369,Diffuse HII region  ,G039.728-00.396,K
1660,39.73223335,0.439770402,HIGALBM,39.7331+0.4402,                ,                 ,               ,0,                    ,               , 
1661,39.83497058,-0.233751251,HIGALBM,39.8353-0.2329,                ,                 ,               ,0,                    ,G039.834-00.235,Q
1662,39.84978538,-0.198472024,HIGALBM,39.8499-0.1977,                ,                 ,               ,0,                    ,               , 
1663,39.85351959,-0.209031765,HIGALBM,39.8538-0.2084,G039.8511-0.2043,                 ,               ,0,                    ,               , 
1664,39.85617101,-0.130968727,HIGALBM,39.8563-0.1305,                ,                 ,               ,0,                    ,               , 
1665,39.86604857,0.646773154,HIGALBM,39.8640+0.6476,                ,                 ,               ,3338,Diffuse HII region? ,G039.864+00.645,K
1666,39.88268732,-0.346120228,HIGALBM,39.8824-0.3456,G039.8837-0.3454,G039.8824-00.3460,UCHII          ,3370,HII region?         ,G039.883-00.346,K
1667,39.89873559,-0.075664935,HIGALBM,39.8984-0.0751,                ,                 ,               ,0,                    ,               , 
1668,39.92849999,-0.374572067,HIGALBM,39.9273-0.3745,G039.9252-0.3757,                 ,               ,3371,YSO                 ,G039.924-00.378,K
1669,39.93410259,0.132971301,HIGALBM,39.9345+0.1325,                ,                 ,               ,0,                    ,G039.934+00.132,Q
1670,39.97771478,-0.092047303,HIGALBM,39.9778-0.0917,                ,                 ,               ,0,                    ,               , 
